Campaign,Ad Group,Keyword,Match type,Status
ATE-Photo-Radar-Alberta-20260831,AG1-Calgary-Camera-Tickets,photo radar calgary,Exact,Paused
ATE-Photo-Radar-Alberta-20260831,AG1-Calgary-Camera-Tickets,photo radar calgary,Phrase,Paused
ATE-Photo-Radar-Alberta-20260831,AG1-Calgary-Camera-Tickets,photo radar ticket calgary,Exact,Paused
ATE-Photo-Radar-Alberta-20260831,AG1-Calgary-Camera-Tickets,photo radar ticket calgary,Phrase,Paused
ATE-Photo-Radar-Alberta-20260831,AG1-Calgary-Camera-Tickets,fight photo radar ticket calgary,Exact,Paused
ATE-Photo-Radar-Alberta-20260831,AG1-Calgary-Camera-Tickets,fight photo radar ticket calgary,Phrase,Paused
ATE-Photo-Radar-Alberta-20260831,AG1-Calgary-Camera-Tickets,red light camera calgary,Exact,Paused
ATE-Photo-Radar-Alberta-20260831,AG1-Calgary-Camera-Tickets,red light camera calgary,Phrase,Paused
ATE-Photo-Radar-Alberta-20260831,AG1-Calgary-Camera-Tickets,red light camera ticket calgary,Exact,Paused
ATE-Photo-Radar-Alberta-20260831,AG1-Calgary-Camera-Tickets,red light camera ticket calgary,Phrase,Paused
ATE-Photo-Radar-Alberta-20260831,AG1-Calgary-Camera-Tickets,fight red light camera ticket calgary,Exact,Paused
ATE-Photo-Radar-Alberta-20260831,AG1-Calgary-Camera-Tickets,fight red light camera ticket calgary,Phrase,Paused
ATE-Photo-Radar-Alberta-20260831,AG1-Calgary-Camera-Tickets,intersection safety camera calgary,Exact,Paused
ATE-Photo-Radar-Alberta-20260831,AG1-Calgary-Camera-Tickets,intersection safety camera calgary,Phrase,Paused
ATE-Photo-Radar-Alberta-20260831,AG1-Calgary-Camera-Tickets,intersection safety camera ticket calgary,Exact,Paused
ATE-Photo-Radar-Alberta-20260831,AG1-Calgary-Camera-Tickets,intersection safety camera ticket calgary,Phrase,Paused
ATE-Photo-Radar-Alberta-20260831,AG1-Calgary-Camera-Tickets,owner of motor vehicle ticket calgary,Exact,Paused
ATE-Photo-Radar-Alberta-20260831,AG1-Calgary-Camera-Tickets,owner of motor vehicle ticket calgary,Phrase,Paused
ATE-Photo-Radar-Alberta-20260831,AG1-Calgary-Camera-Tickets,owner of motor vehicle involved in ticket calgary,Exact,Paused
ATE-Photo-Radar-Alberta-20260831,AG1-Calgary-Camera-Tickets,owner of motor vehicle involved in ticket calgary,Phrase,Paused
ATE-Photo-Radar-Alberta-20260831,AG2-Edmonton-Camera-Tickets,photo radar edmonton,Exact,Paused
ATE-Photo-Radar-Alberta-20260831,AG2-Edmonton-Camera-Tickets,photo radar edmonton,Phrase,Paused
ATE-Photo-Radar-Alberta-20260831,AG2-Edmonton-Camera-Tickets,photo radar ticket edmonton,Exact,Paused
ATE-Photo-Radar-Alberta-20260831,AG2-Edmonton-Camera-Tickets,photo radar ticket edmonton,Phrase,Paused
ATE-Photo-Radar-Alberta-20260831,AG2-Edmonton-Camera-Tickets,fight photo radar ticket edmonton,Exact,Paused
ATE-Photo-Radar-Alberta-20260831,AG2-Edmonton-Camera-Tickets,fight photo radar ticket edmonton,Phrase,Paused
ATE-Photo-Radar-Alberta-20260831,AG2-Edmonton-Camera-Tickets,red light camera edmonton,Exact,Paused
ATE-Photo-Radar-Alberta-20260831,AG2-Edmonton-Camera-Tickets,red light camera edmonton,Phrase,Paused
ATE-Photo-Radar-Alberta-20260831,AG2-Edmonton-Camera-Tickets,red light camera ticket edmonton,Exact,Paused
ATE-Photo-Radar-Alberta-20260831,AG2-Edmonton-Camera-Tickets,red light camera ticket edmonton,Phrase,Paused
ATE-Photo-Radar-Alberta-20260831,AG2-Edmonton-Camera-Tickets,fight red light camera ticket edmonton,Exact,Paused
ATE-Photo-Radar-Alberta-20260831,AG2-Edmonton-Camera-Tickets,fight red light camera ticket edmonton,Phrase,Paused
ATE-Photo-Radar-Alberta-20260831,AG2-Edmonton-Camera-Tickets,intersection safety camera edmonton,Exact,Paused
ATE-Photo-Radar-Alberta-20260831,AG2-Edmonton-Camera-Tickets,intersection safety camera edmonton,Phrase,Paused
ATE-Photo-Radar-Alberta-20260831,AG2-Edmonton-Camera-Tickets,intersection safety camera ticket edmonton,Exact,Paused
ATE-Photo-Radar-Alberta-20260831,AG2-Edmonton-Camera-Tickets,intersection safety camera ticket edmonton,Phrase,Paused
ATE-Photo-Radar-Alberta-20260831,AG2-Edmonton-Camera-Tickets,owner of motor vehicle ticket edmonton,Exact,Paused
ATE-Photo-Radar-Alberta-20260831,AG2-Edmonton-Camera-Tickets,owner of motor vehicle ticket edmonton,Phrase,Paused
ATE-Photo-Radar-Alberta-20260831,AG2-Edmonton-Camera-Tickets,owner of motor vehicle involved in ticket edmonton,Exact,Paused
ATE-Photo-Radar-Alberta-20260831,AG2-Edmonton-Camera-Tickets,owner of motor vehicle involved in ticket edmonton,Phrase,Paused
ATE-Photo-Radar-Alberta-20260831,AG3-Alberta-Camera-Tickets,photo radar alberta,Exact,Paused
ATE-Photo-Radar-Alberta-20260831,AG3-Alberta-Camera-Tickets,photo radar alberta,Phrase,Paused
ATE-Photo-Radar-Alberta-20260831,AG3-Alberta-Camera-Tickets,photo radar ticket alberta,Exact,Paused
ATE-Photo-Radar-Alberta-20260831,AG3-Alberta-Camera-Tickets,photo radar ticket alberta,Phrase,Paused
ATE-Photo-Radar-Alberta-20260831,AG3-Alberta-Camera-Tickets,fight photo radar ticket alberta,Exact,Paused
ATE-Photo-Radar-Alberta-20260831,AG3-Alberta-Camera-Tickets,fight photo radar ticket alberta,Phrase,Paused
ATE-Photo-Radar-Alberta-20260831,AG3-Alberta-Camera-Tickets,red light camera alberta,Exact,Paused
ATE-Photo-Radar-Alberta-20260831,AG3-Alberta-Camera-Tickets,red light camera alberta,Phrase,Paused
ATE-Photo-Radar-Alberta-20260831,AG3-Alberta-Camera-Tickets,red light camera ticket alberta,Exact,Paused
ATE-Photo-Radar-Alberta-20260831,AG3-Alberta-Camera-Tickets,red light camera ticket alberta,Phrase,Paused
ATE-Photo-Radar-Alberta-20260831,AG3-Alberta-Camera-Tickets,fight red light camera ticket alberta,Exact,Paused
ATE-Photo-Radar-Alberta-20260831,AG3-Alberta-Camera-Tickets,fight red light camera ticket alberta,Phrase,Paused
ATE-Photo-Radar-Alberta-20260831,AG3-Alberta-Camera-Tickets,intersection safety camera alberta,Exact,Paused
ATE-Photo-Radar-Alberta-20260831,AG3-Alberta-Camera-Tickets,intersection safety camera alberta,Phrase,Paused
ATE-Photo-Radar-Alberta-20260831,AG3-Alberta-Camera-Tickets,intersection safety camera ticket alberta,Exact,Paused
ATE-Photo-Radar-Alberta-20260831,AG3-Alberta-Camera-Tickets,intersection safety camera ticket alberta,Phrase,Paused
ATE-Photo-Radar-Alberta-20260831,AG3-Alberta-Camera-Tickets,owner of motor vehicle ticket alberta,Exact,Paused
ATE-Photo-Radar-Alberta-20260831,AG3-Alberta-Camera-Tickets,owner of motor vehicle ticket alberta,Phrase,Paused
ATE-Photo-Radar-Alberta-20260831,AG3-Alberta-Camera-Tickets,owner of motor vehicle involved in ticket alberta,Exact,Paused
ATE-Photo-Radar-Alberta-20260831,AG3-Alberta-Camera-Tickets,owner of motor vehicle involved in ticket alberta,Phrase,Paused
ATE-Photo-Radar-Alberta-20260831,AG3-Alberta-Camera-Tickets,photo radar ticket,Exact,Paused
ATE-Photo-Radar-Alberta-20260831,AG3-Alberta-Camera-Tickets,photo radar ticket,Phrase,Paused
ATE-Photo-Radar-Alberta-20260831,AG3-Alberta-Camera-Tickets,fight photo radar ticket,Exact,Paused
ATE-Photo-Radar-Alberta-20260831,AG3-Alberta-Camera-Tickets,fight photo radar ticket,Phrase,Paused
ATE-Photo-Radar-Alberta-20260831,AG3-Alberta-Camera-Tickets,photo radar ticket reduction,Exact,Paused
ATE-Photo-Radar-Alberta-20260831,AG3-Alberta-Camera-Tickets,photo radar ticket reduction,Phrase,Paused
ATE-Photo-Radar-Alberta-20260831,AG3-Alberta-Camera-Tickets,red light camera ticket,Exact,Paused
ATE-Photo-Radar-Alberta-20260831,AG3-Alberta-Camera-Tickets,red light camera ticket,Phrase,Paused
ATE-Photo-Radar-Alberta-20260831,AG3-Alberta-Camera-Tickets,fight red light camera ticket,Exact,Paused
ATE-Photo-Radar-Alberta-20260831,AG3-Alberta-Camera-Tickets,fight red light camera ticket,Phrase,Paused
ATE-Photo-Radar-Alberta-20260831,AG3-Alberta-Camera-Tickets,intersection safety camera ticket,Exact,Paused
ATE-Photo-Radar-Alberta-20260831,AG3-Alberta-Camera-Tickets,intersection safety camera ticket,Phrase,Paused
ATE-Photo-Radar-Alberta-20260831,AG3-Alberta-Camera-Tickets,owner of motor vehicle ticket,Exact,Paused
ATE-Photo-Radar-Alberta-20260831,AG3-Alberta-Camera-Tickets,owner of motor vehicle ticket,Phrase,Paused
ATE-Photo-Radar-Alberta-20260831,AG3-Alberta-Camera-Tickets,owner of motor vehicle involved in ticket,Exact,Paused
ATE-Photo-Radar-Alberta-20260831,AG3-Alberta-Camera-Tickets,owner of motor vehicle involved in ticket,Phrase,Paused
ATE-Photo-Radar-Alberta-20260831,AG3-Alberta-Camera-Tickets,owner of motor vehicle involved in,Exact,Paused
ATE-Photo-Radar-Alberta-20260831,AG3-Alberta-Camera-Tickets,owner of motor vehicle involved in,Phrase,Paused
