Keyword,Match type
pay ticket,Negative exact
pay traffic ticket,Negative exact
pay ticket alberta,Negative exact
pay traffic ticket alberta,Negative exact
pay photo radar ticket,Negative exact
pay photo radar ticket online,Negative exact
photo radar ticket payment,Negative exact
photo radar payment,Negative exact
pay red light camera ticket,Negative exact
pay red light camera ticket online,Negative exact
pay fines online,Negative exact
alberta fine payment,Negative exact
fine payment portal,Negative exact
fine payment alberta,Negative exact
edmonton ticket payment,Negative exact
calgary ticket payment,Negative exact
ticket payment login,Negative exact
car insurance,Negative exact
auto insurance,Negative exact
car insurance quote,Negative exact
auto insurance quote,Negative exact
insurance renewal,Negative exact
cheap car insurance,Negative exact
traffic camera live,Negative exact
traffic webcams,Negative exact
photo radar locations,Negative exact
red light camera locations,Negative exact
calgary traffic cameras,Negative exact
edmonton traffic cameras,Negative exact
police officer speeding ticket,Negative phrase
officer issued speeding ticket,Negative phrase
criminal defence lawyer,Negative phrase
dui lawyer,Negative phrase
impaired driving,Negative phrase
distracted driving ticket,Negative phrase
stunting ticket,Negative phrase
seatbelt ticket,Negative phrase
parking ticket,Negative phrase
radar detector,Negative phrase
laser jammer,Negative phrase
speed camera detector,Negative phrase
security camera,Negative phrase
camera installation,Negative phrase
dash cam,Negative phrase
