Keyword,Match type
pay ticket,Negative exact
pay traffic ticket,Negative exact
pay traffic ticket alberta,Negative exact
pay traffic ticket online,Negative exact
pay speeding ticket,Negative exact
pay speeding ticket online,Negative exact
traffic ticket payment,Negative exact
ticket payment,Negative exact
traffic ticket lookup,Negative exact
ticket lookup,Negative exact
look up ticket,Negative exact
check traffic ticket,Negative exact
ticket number lookup,Negative exact
alberta fine payment,Negative exact
pay fines alberta,Negative exact
licence renewal,Negative exact
license renewal,Negative exact
driving abstract cost,Negative exact
parking ticket,Negative phrase
transit ticket,Negative phrase
lrt ticket,Negative phrase
bus ticket,Negative phrase
concert ticket,Negative phrase
lottery ticket,Negative phrase
ticket agent jobs,Negative phrase
traffic ticket jobs,Negative phrase
lawyer jobs,Negative phrase
paralegal salary,Negative phrase
become a paralegal,Negative phrase
driving school,Negative phrase
practice test,Negative phrase
learners test,Negative phrase
impaired driving,Negative phrase
dui,Negative phrase
criminal defence,Negative phrase
criminal defense,Negative phrase
immediate roadside sanction,Negative phrase
immediate roadside sanctions,Negative phrase
notice of administrative penalty,Negative phrase
photo radar,Negative phrase
photo-radar,Negative phrase
red light camera,Negative phrase
intersection camera,Negative phrase
automated enforcement,Negative phrase
commercial driver,Negative phrase
commercial licence,Negative phrase
commercial license,Negative phrase
class 1,Negative phrase
cdl,Negative phrase
truck driver,Negative phrase
logbook,Negative phrase
pointts,Negative phrase
x copper,Negative phrase
xcopper,Negative phrase
x-copper,Negative phrase
we defend tickets,Negative phrase
got a ticket fight it,Negative phrase
fight that ticket,Negative phrase
alberta ticket fighter,Negative phrase
